experiment_id,network_type,num_nodes,num_demands,contention_level,gate_error_2q,seed,qaoa_objective,qaoa_utility,qaoa_penalty,qaoa_valid,qaoa_time,greedy_objective,greedy_utility,greedy_penalty,greedy_valid,greedy_time,independent_utility,qaoa_approximation_ratio,greedy_approximation_ratio,qaoa_advantage
0,barbell,8,3,0.1875,0.001,0,-7.937088191088744,2.0629118089112564,10.0,False,28.821778297424316,-7.937088191088743,2.062911808911257,10.0,False,0.0002930164337158203,2.0629118089112564,1.0,1.0000000000000002,-2.152729980659908e-16
1,barbell,8,3,0.1875,0.001,1001,-38.08466152644248,1.9153384735575192,40.0,False,37.66553282737732,-38.08466152644248,1.9153384735575192,40.0,False,0.00028514862060546875,1.9153384735575192,1.0,1.0,0.0
2,barbell,8,3,0.1875,0.001,2002,1.4949260182219928,1.4949260182219928,0.0,True,48.33187007904053,1.4949260182219928,1.4949260182219928,0.0,True,0.0005145072937011719,1.4949260182219928,1.0,1.0,0.0
3,barbell,8,3,0.1875,0.001,3003,2.003244046328504,2.003244046328504,0.0,True,28.25322389602661,2.003244046328504,2.003244046328504,0.0,True,0.00031113624572753906,2.003244046328504,1.0,1.0,0.0
4,barbell,8,3,0.1875,0.001,4004,1.687198589072782,1.687198589072782,0.0,True,36.36038637161255,1.687198589072782,1.687198589072782,0.0,True,0.0005495548248291016,1.687198589072782,1.0,1.0,0.0
5,barbell,8,3,0.1875,0.001,5005,-18.503291560430476,1.4967084395695247,20.0,False,49.30000948905945,-18.503291560430476,1.4967084395695247,20.0,False,0.00038933753967285156,1.4967084395695247,1.0,1.0,0.0
6,barbell,8,3,0.1875,0.001,6006,1.6748398451038473,1.6748398451038473,0.0,True,42.66753315925598,1.6748398451038473,1.6748398451038473,0.0,True,0.00046753883361816406,1.6748398451038473,1.0,1.0,0.0
7,barbell,8,3,0.1875,0.001,7007,2.1720716895622143,2.1720716895622143,0.0,True,25.56183648109436,2.1720716895622143,2.1720716895622143,0.0,True,0.0003001689910888672,2.1720716895622143,1.0,1.0,0.0
8,barbell,8,3,0.1875,0.001,8008,-28.442674075499234,1.557325924500768,30.0,False,54.99030351638794,-28.442674075499234,1.557325924500768,30.0,False,0.0003771781921386719,1.557325924500768,1.0,1.0,0.0
9,barbell,8,3,0.1875,0.001,9009,-18.507463376371437,1.4925366236285633,20.0,False,37.075165033340454,-18.507463376371437,1.4925366236285633,20.0,False,0.0004353523254394531,1.4925366236285633,1.0,1.0,0.0
10,barbell,8,3,0.1875,0.01,10000,1.7981175122264443,1.7981175122264443,0.0,True,34.73287224769592,1.7981175122264443,1.7981175122264443,0.0,True,0.00037932395935058594,1.7981175122264443,1.0,1.0,0.0
11,barbell,8,3,0.1875,0.01,11001,1.8920621668993953,1.8920621668993953,0.0,True,49.211127281188965,1.8920621668993953,1.8920621668993953,0.0,True,0.0005257129669189453,1.8920621668993953,1.0,1.0,0.0
12,barbell,8,3,0.1875,0.01,12002,1.7637144390597344,1.7637144390597344,0.0,True,34.7262647151947,1.7637144390597344,1.7637144390597344,0.0,True,0.0003819465637207031,1.7637144390597344,1.0,1.0,0.0
13,barbell,8,3,0.1875,0.01,13003,-8.150031457746325,1.8499685422536758,10.0,False,48.475502729415894,-8.150031457746325,1.8499685422536758,10.0,False,0.00047707557678222656,1.8499685422536758,1.0,1.0,0.0
14,barbell,8,3,0.1875,0.01,14004,2.0045858784652277,2.0045858784652277,0.0,True,48.595747232437134,2.0045858784652277,2.0045858784652277,0.0,True,0.00040078163146972656,2.0045858784652277,1.0,1.0,0.0
15,barbell,8,3,0.1875,0.01,15005,-8.033398900750015,1.9666010992499843,10.0,False,44.566391706466675,-8.033398900750015,1.9666010992499843,10.0,False,0.00037360191345214844,1.9666010992499843,1.0,1.0,0.0
16,barbell,8,3,0.1875,0.01,16006,-58.77345977265156,1.226540227348437,60.0,False,62.56876516342163,-58.77345977265156,1.226540227348437,60.0,False,0.0005517005920410156,1.226540227348437,1.0,1.0,0.0
17,barbell,8,3,0.1875,0.01,17007,-7.9085040828401905,2.0914959171598095,10.0,False,38.01597046852112,-7.9085040828401905,2.0914959171598095,10.0,False,0.0004134178161621094,2.0914959171598095,1.0,1.0,0.0
18,barbell,8,3,0.1875,0.01,18008,-58.846178076501914,1.1538219234980835,60.0,False,48.68335843086243,-58.846178076501914,1.1538219234980835,60.0,False,0.0025916099548339844,1.1538219234980835,1.0,1.0,0.0
19,barbell,8,3,0.1875,0.01,19009,1.6578546421596734,1.6578546421596734,0.0,True,55.777082681655884,1.6578546421596734,1.6578546421596734,0.0,True,0.0006685256958007812,1.6578546421596734,1.0,1.0,0.0
20,barbell,8,4,0.25,0.001,20000,-68.44230622783856,1.5576937721614434,70.0,False,95.85814595222473,-68.44230622783856,1.5576937721614434,70.0,False,0.0004496574401855469,1.5576937721614434,1.0,1.0,0.0
21,barbell,8,4,0.25,0.001,21001,3.065796270842239,3.065796270842239,0.0,True,74.82190227508545,3.065796270842239,3.065796270842239,0.0,True,0.0006263256072998047,3.065796270842239,1.0,1.0,0.0
22,barbell,8,4,0.25,0.001,22002,-98.09742956451056,1.902570435489443,100.0,False,75.93278861045837,-98.09742956451056,1.902570435489443,100.0,False,0.00048160552978515625,1.902570435489443,1.0,1.0,0.0
23,barbell,8,4,0.25,0.001,23003,-118.13033269102425,1.8696673089757487,120.0,False,77.0335304737091,-118.13033269102425,1.8696673089757487,120.0,False,0.00044655799865722656,1.8696673089757487,1.0,1.0,0.0
24,barbell,8,4,0.25,0.001,24004,-128.0846435548843,1.9153564451156857,130.0,False,61.35761594772339,-128.0846435548843,1.9153564451156853,130.0,False,0.00040793418884277344,1.9153564451156857,1.0,0.9999999999999998,2.3185721434907127e-16
25,barbell,8,4,0.25,0.001,25005,-37.967557993080945,2.032442006919052,40.0,False,49.06819725036621,-37.967557993080945,2.0324420069190525,40.0,False,0.0005285739898681641,2.032442006919052,1.0,1.0000000000000002,-2.185003106303882e-16
26,barbell,8,4,0.25,0.001,26006,-7.645423165466882,2.3545768345331175,10.0,False,83.53446221351624,-7.645423165466882,2.3545768345331175,10.0,False,0.0004744529724121094,2.3545768345331175,1.0,1.0,0.0
27,barbell,8,4,0.25,0.001,27007,-37.85530273052109,2.1446972694789146,40.0,False,46.19997048377991,-37.85530273052109,2.1446972694789146,40.0,False,0.0006511211395263672,2.1446972694789146,1.0,1.0,0.0
28,barbell,8,4,0.25,0.001,28008,2.118650102295943,2.118650102295943,0.0,True,56.259422302246094,2.1186501022959425,2.1186501022959425,0.0,True,0.0006997585296630859,2.118650102295943,1.0,0.9999999999999998,2.0960951002188197e-16
29,barbell,8,4,0.25,0.001,29009,2.9794084337917655,2.9794084337917655,0.0,True,42.356364488601685,2.9794084337917655,2.9794084337917655,0.0,True,0.00045800209045410156,2.9794084337917655,1.0,1.0,0.0
30,barbell,8,4,0.25,0.01,30000,-47.861354803743566,2.1386451962564337,50.0,False,67.47353911399841,-47.861354803743566,2.1386451962564337,50.0,False,0.0006024837493896484,2.1386451962564337,1.0,1.0,0.0
31,barbell,8,4,0.25,0.01,31001,-98.09669813715374,1.9033018628462692,100.0,False,94.08726406097412,-98.09669813715374,1.9033018628462695,100.0,False,0.0005092620849609375,1.9033018628462692,1.0,1.0000000000000002,-1.1666284222145268e-16
32,barbell,8,4,0.25,0.01,32002,-47.649320015869044,2.3506799841309585,50.0,False,46.01935410499573,-47.649320015869044,2.3506799841309585,50.0,False,0.00043702125549316406,2.3506799841309585,1.0,1.0,0.0
33,barbell,8,4,0.25,0.01,33003,-47.577003801452236,2.4229961985477657,50.0,False,61.9427387714386,-47.577003801452236,2.4229961985477653,50.0,False,0.0004048347473144531,2.4229961985477657,1.0,0.9999999999999998,1.832810179876591e-16
34,barbell,8,4,0.25,0.01,34004,2.5443229662630564,2.5443229662630564,0.0,True,63.32010245323181,2.5443229662630564,2.5443229662630564,0.0,True,0.0005445480346679688,2.5443229662630564,1.0,1.0,0.0
35,barbell,8,4,0.25,0.01,35005,-77.70152512128844,2.298474878711554,80.0,False,92.82072901725769,-77.70152512128844,2.298474878711554,80.0,False,0.00041294097900390625,2.298474878711554,1.0,1.0,0.0
36,barbell,8,4,0.25,0.01,36006,-37.408685148322846,2.5913148516771516,40.0,False,48.52518963813782,-37.408685148322846,2.5913148516771516,40.0,False,0.0004413127899169922,2.5913148516771516,1.0,1.0,0.0
37,barbell,8,4,0.25,0.01,37007,3.1183381829626526,3.1183381829626526,0.0,True,43.09808802604675,3.1183381829626526,3.1183381829626526,0.0,True,0.0004093647003173828,3.1183381829626526,1.0,1.0,0.0
38,barbell,8,4,0.25,0.01,38008,-88.06708480514197,1.93291519485803,90.0,False,77.55883002281189,-88.06708480514197,1.93291519485803,90.0,False,0.0005936622619628906,1.93291519485803,1.0,1.0,0.0
39,barbell,8,4,0.25,0.01,39009,-28.221338865088196,1.7786611349118053,30.0,False,76.30288076400757,-28.221338865088196,1.7786611349118053,30.0,False,0.0007045269012451172,1.7786611349118053,1.0,1.0,0.0
40,barbell,10,3,0.15,0.001,40000,-38.776886378719,1.2231136212810036,40.0,False,93.96277523040771,-38.776886378719,1.2231136212810036,40.0,False,0.00041985511779785156,1.2231136212810036,1.0,1.0,0.0
41,barbell,10,3,0.15,0.001,41001,-48.51223734300339,1.48776265699661,50.0,False,61.767008781433105,-48.51223734300339,1.48776265699661,50.0,False,0.0004572868347167969,1.48776265699661,1.0,1.0,0.0
42,barbell,10,3,0.15,0.001,42002,-108.98859501737026,1.01140498262974,110.0,False,96.36337280273438,-108.98859501737026,1.01140498262974,110.0,False,0.0005540847778320312,1.0134939210284073,0.997938874269174,0.997938874269174,0.0
43,barbell,10,3,0.15,0.001,43003,-8.395805257052295,1.6041947429477048,10.0,False,61.161428928375244,-8.395805257052295,1.6041947429477048,10.0,False,0.0005557537078857422,1.6041947429477048,1.0,1.0,0.0
44,barbell,10,3,0.15,0.001,44004,-8.475686142456597,1.5243138575434023,10.0,False,49.735337257385254,-8.475686142456597,1.5243138575434023,10.0,False,0.0005409717559814453,1.5243138575434023,1.0,1.0,0.0
45,barbell,10,3,0.15,0.001,45005,1.9657044580797212,1.9657044580797212,0.0,True,61.11437010765076,1.9657044580797212,1.9657044580797212,0.0,True,0.00045490264892578125,1.9657044580797212,1.0,1.0,0.0
46,barbell,10,3,0.15,0.001,46006,2.4428585701986965,2.4428585701986965,0.0,True,27.972461700439453,2.4428585701986965,2.4428585701986965,0.0,True,0.0003178119659423828,2.4428585701986965,1.0,1.0,0.0
47,barbell,10,3,0.15,0.001,47007,-88.86435968842633,1.1356403115736708,90.0,False,94.58418273925781,-88.86435968842633,1.135640311573671,90.0,False,0.0006346702575683594,1.1356403115736708,1.0,1.0000000000000002,-1.9552370822178837e-16
48,barbell,10,3,0.15,0.001,48008,-28.76185543449551,1.238144565504492,30.0,False,91.26612710952759,-28.76185543449551,1.238144565504492,30.0,False,0.0004601478576660156,1.238144565504492,1.0,1.0,0.0
49,barbell,10,3,0.15,0.001,49009,-28.51447887019728,1.48552112980272,30.0,False,93.98405957221985,-28.517690097232613,1.4823099027673872,30.0,False,0.0005161762237548828,1.48552112980272,1.0,0.9978383161498623,0.0021663668503716094
50,barbell,10,3,0.15,0.01,50000,-18.446369794417873,1.553630205582126,20.0,False,57.58008170127869,-18.446369794417873,1.553630205582126,20.0,False,0.0005381107330322266,1.553630205582126,1.0,1.0,0.0
51,barbell,10,3,0.15,0.01,51001,2.047499160395577,2.047499160395577,0.0,True,88.45839166641235,2.047499160395577,2.047499160395577,0.0,True,0.0005354881286621094,2.047499160395577,1.0,1.0,0.0
52,barbell,10,3,0.15,0.01,52002,1.934948511858849,1.934948511858849,0.0,True,61.15114951133728,1.934948511858849,1.934948511858849,0.0,True,0.0006303787231445312,1.934948511858849,1.0,1.0,0.0
53,barbell,10,3,0.15,0.01,53003,-8.711592331939277,1.2884076680607222,10.0,False,92.00964736938477,-8.711592331939277,1.2884076680607222,10.0,False,0.0006952285766601562,1.2884076680607222,1.0,1.0,0.0
54,barbell,10,3,0.15,0.01,54004,-8.333377053519813,1.6666229464801874,10.0,False,60.79210829734802,-8.333377053519813,1.6666229464801872,10.0,False,0.00045800209045410156,1.6666229464801874,1.0,0.9999999999999999,1.3323025786604995e-16
55,barbell,10,3,0.15,0.01,55005,-38.541917096899766,1.4580829031002316,40.0,False,90.19821357727051,-38.541917096899766,1.4580829031002316,40.0,False,0.0005192756652832031,1.4580829031002316,1.0,1.0,0.0
56,barbell,10,3,0.15,0.01,56006,1.7524293755352325,1.7524293755352325,0.0,True,92.00847601890564,1.7524293755352325,1.7524293755352325,0.0,True,0.0006575584411621094,1.7524293755352325,1.0,1.0,0.0
57,barbell,10,3,0.15,0.01,57007,-38.59122599512766,1.4087740048723438,40.0,False,94.15571594238281,-38.59122599512766,1.4087740048723438,40.0,False,0.0007848739624023438,1.4087740048723438,1.0,1.0,0.0
58,barbell,10,3,0.15,0.01,58008,1.8699319088238862,1.8699319088238862,0.0,True,63.311736822128296,1.8699319088238862,1.8699319088238862,0.0,True,0.0005533695220947266,1.8699319088238862,1.0,1.0,0.0
59,barbell,10,3,0.15,0.01,59009,1.7473499036136426,1.7473499036136426,0.0,True,61.833361864089966,1.7473499036136426,1.7473499036136426,0.0,True,0.0005183219909667969,1.7473499036136426,1.0,1.0,0.0
60,barbell,10,4,0.2,0.001,60000,-128.45141299750918,1.548587002490828,130.0,False,162.35712504386902,-128.45141299750918,1.548587002490828,130.0,False,0.0005016326904296875,1.548587002490828,1.0,1.0,0.0
61,barbell,10,4,0.2,0.001,61001,-148.50117747989754,1.4988225201024763,150.0,False,162.2089078426361,-148.50117747989754,1.4988225201024763,150.0,False,0.0005929470062255859,1.4988225201024763,1.0,1.0,0.0
62,barbell,10,4,0.2,0.001,62002,-27.740788802736848,2.259211197263153,30.0,False,130.3233609199524,-27.740788802736848,2.259211197263153,30.0,False,0.0005652904510498047,2.259211197263153,1.0,1.0,0.0
63,barbell,10,4,0.2,0.001,63003,-18.141990255248388,1.8580097447516108,20.0,False,162.61019492149353,-18.141990255248388,1.8580097447516108,20.0,False,0.0005991458892822266,1.8694943426851545,0.9938568426385028,0.9938568426385028,0.0
64,barbell,10,4,0.2,0.001,64004,-57.830746283424645,2.169253716575352,60.0,False,100.86236071586609,-57.830746283424645,2.169253716575352,60.0,False,0.0004150867462158203,2.169253716575352,1.0,1.0,0.0
65,barbell,10,4,0.2,0.001,65005,-17.759222794384925,2.2407772056150743,20.0,False,146.12596154212952,-17.759222794384925,2.2407772056150743,20.0,False,0.0008308887481689453,2.2407772056150743,1.0,1.0,0.0
66,barbell,10,4,0.2,0.001,66006,2.671077444781739,2.671077444781739,0.0,True,82.37559032440186,2.671077444781739,2.671077444781739,0.0,True,0.0006628036499023438,2.671077444781739,1.0,1.0,0.0
67,barbell,10,4,0.2,0.001,67007,-128.4807296064285,1.51927039357151,130.0,False,118.49842166900635,-128.4807296064285,1.51927039357151,130.0,False,0.0007014274597167969,1.51927039357151,1.0,1.0,0.0
68,barbell,10,4,0.2,0.001,68008,-27.532546014291697,2.467453985708305,30.0,False,66.65424084663391,-27.532546014291697,2.467453985708305,30.0,False,0.0004227161407470703,2.467453985708305,1.0,1.0,0.0
69,barbell,10,4,0.2,0.001,69009,2.46682363246016,2.46682363246016,0.0,True,90.24489164352417,2.4668236324601605,2.4668236324601605,0.0,True,0.0006685256958007812,2.46682363246016,1.0,1.0000000000000002,-1.8002471032238852e-16
70,barbell,10,4,0.2,0.01,70000,-37.70141217281227,2.298587827187734,40.0,False,157.11758971214294,-37.70141217281227,2.298587827187734,40.0,False,0.0005290508270263672,2.298587827187734,1.0,1.0,0.0
71,barbell,10,4,0.2,0.01,71001,-17.305659167102668,2.6943408328973315,20.0,False,67.07765793800354,-17.305659167102668,2.694340832897332,20.0,False,0.00032901763916015625,2.6943408328973315,1.0,1.0000000000000002,-1.6482295202887e-16
72,barbell,10,4,0.2,0.01,72002,-38.024202929135384,1.9757970708646162,40.0,False,136.30719304084778,-38.02535894892174,1.9746410510782573,40.0,False,0.0005197525024414062,1.983032908662145,0.9963511257095524,0.9957681702874264,0.0005854328743584477
73,barbell,10,4,0.2,0.01,73003,2.816616893139467,2.816616893139467,0.0,True,111.38232350349426,2.8166168931394666,2.8166168931394666,0.0,True,0.0005440711975097656,2.816616893139467,1.0,0.9999999999999999,1.5766759438663683e-16
74,barbell,10,4,0.2,0.01,74004,2.1355211165770918,2.1355211165770918,0.0,True,147.47847366333008,2.1355211165770918,2.1355211165770918,0.0,True,0.0007052421569824219,2.1355211165770918,1.0,1.0,0.0
75,barbell,10,4,0.2,0.01,75005,2.7767698632359696,2.7767698632359696,0.0,True,116.01863765716553,2.7767698632359696,2.7767698632359696,0.0,True,0.0006756782531738281,2.7767698632359696,1.0,1.0,0.0
76,barbell,10,4,0.2,0.01,76006,-188.27857592428816,1.7214240757118389,190.0,False,118.90251922607422,-188.27857592428816,1.721424075711839,190.0,False,0.0005719661712646484,1.7214240757118389,1.0,1.0000000000000002,-1.2898890404632685e-16
77,barbell,10,4,0.2,0.01,77007,-47.590635268692516,2.409364731307485,50.0,False,104.35531234741211,-47.590635268692516,2.4093647313074844,50.0,False,0.0006127357482910156,2.409364731307485,1.0,0.9999999999999998,1.843179673378342e-16
78,barbell,10,4,0.2,0.01,78008,-28.226103416270504,1.7738965837294942,30.0,False,149.564044713974,-28.226103416270504,1.7738965837294942,30.0,False,0.0005700588226318359,1.7738965837294942,1.0,1.0,0.0
79,barbell,10,4,0.2,0.01,79009,-17.98343395268777,2.0165660473122324,20.0,False,147.26663041114807,-18.003574811012452,1.9964251889875486,20.0,False,0.0005397796630859375,2.0165660473122324,1.0,0.9900122991996575,0.010088461333679072
80,grid,8,3,0.1875,0.001,80000,2.3493581998850788,2.3493581998850788,0.0,True,89.80344223976135,2.3493581998850788,2.3493581998850788,0.0,True,0.00045800209045410156,2.3493581998850788,1.0,1.0,0.0
81,grid,8,3,0.1875,0.001,81001,1.7256446400269152,1.7256446400269152,0.0,True,89.688894033432,1.6939143337678755,1.6939143337678755,0.0,True,0.0005631446838378906,1.7503779835346687,0.9858697128617857,0.9677420246952764,0.018731942711919847
82,grid,8,3,0.1875,0.001,82002,2.11851836854727,2.11851836854727,0.0,True,84.66271305084229,2.11851836854727,2.11851836854727,0.0,True,0.0004937648773193359,2.11851836854727,1.0,1.0,0.0
83,grid,8,3,0.1875,0.001,83003,-8.308693213329603,1.6913067866703975,10.0,False,87.87307095527649,-8.370421482403295,1.6295785175967055,10.0,False,0.0005142688751220703,1.6913067866703975,1.0,0.9635026184721852,0.03787989864074089
84,grid,8,3,0.1875,0.001,84004,2.020755010819311,2.020755010819311,0.0,True,88.93635869026184,2.020755010819311,2.020755010819311,0.0,True,0.000438690185546875,2.020755010819311,1.0,1.0,0.0
85,grid,8,3,0.1875,0.001,85005,1.6975563928475894,1.6975563928475894,0.0,True,82.01865005493164,1.6975563928475892,1.6975563928475892,0.0,True,0.000621795654296875,1.6975563928475894,1.0,0.9999999999999999,1.308024910751622e-16
86,grid,8,3,0.1875,0.001,86006,1.6457091576059133,1.6457091576059133,0.0,True,90.52402949333191,1.6457091576059133,1.6457091576059133,0.0,True,0.00052642822265625,1.6457091576059133,1.0,1.0,0.0
87,grid,8,3,0.1875,0.001,87007,2.060340226305477,2.060340226305477,0.0,True,87.06172966957092,2.0603402263054766,2.0603402263054766,0.0,True,0.0005364418029785156,2.060340226305477,1.0,0.9999999999999998,2.155416878145346e-16
88,grid,8,3,0.1875,0.001,88008,1.8094690313552733,1.8094690313552733,0.0,True,87.41745591163635,1.809469031355273,1.809469031355273,0.0,True,0.0004966259002685547,1.9967751391480353,0.9061956931852226,0.9061956931852225,1.227125753894347e-16
89,grid,8,3,0.1875,0.001,89009,1.4054525163613643,1.4054525163613643,0.0,True,88.34227871894836,1.4054525163613643,1.4054525163613643,0.0,True,0.0007231235504150391,1.4054525163613643,1.0,1.0,0.0
90,grid,8,3,0.1875,0.01,90000,1.702440295064735,1.702440295064735,0.0,True,91.5050618648529,1.702440295064735,1.702440295064735,0.0,True,0.0005571842193603516,1.7246839479332299,0.9871027657588218,0.9871027657588218,0.0
91,grid,8,3,0.1875,0.01,91001,1.9420163558038048,1.9420163558038048,0.0,True,86.27391266822815,-8.024379342388674,1.9756206576113264,10.0,False,0.00047779083251953125,1.9756206576113264,0.9829905089936892,1.0,-0.017009491006310763
92,grid,8,3,0.1875,0.01,92002,1.695989135178385,1.695989135178385,0.0,True,85.22959589958191,-8.26286090729856,1.7371390927014394,10.0,False,0.0005171298980712891,1.7411949219702327,0.97403749217193,0.9976706632797872,-0.02368834924960549
93,grid,8,3,0.1875,0.01,93003,-8.259589544891552,1.7404104551084476,10.0,False,84.4802508354187,-8.259589544891552,1.7404104551084476,10.0,False,0.00042819976806640625,1.7404104551084476,1.0,1.0,0.0
94,grid,8,3,0.1875,0.01,94004,2.1131444176840515,2.1131444176840515,0.0,True,89.7756552696228,2.1131444176840515,2.1131444176840515,0.0,True,0.0005784034729003906,2.1131444176840515,1.0,1.0,0.0
95,grid,8,3,0.1875,0.01,95005,1.5454701833765343,1.5454701833765343,0.0,True,91.743891954422,1.5454701833765343,1.5454701833765343,0.0,True,0.0006875991821289062,1.5454701833765343,1.0,1.0,0.0
96,grid,8,3,0.1875,0.01,96006,2.120101162177682,2.120101162177682,0.0,True,83.1716194152832,2.120101162177682,2.120101162177682,0.0,True,0.0005483627319335938,2.120101162177682,1.0,1.0,0.0
97,grid,8,3,0.1875,0.01,97007,1.4903684658865592,1.4903684658865592,0.0,True,90.21729898452759,1.4792011366660511,1.4792011366660511,0.0,True,0.000789642333984375,1.6121369560927836,0.9244676516185414,0.9175406165559785,0.0075495677657995775
98,grid,8,3,0.1875,0.01,98008,1.5263061412768903,1.5263061412768903,0.0,True,91.85669255256653,1.5263061412768903,1.5263061412768903,0.0,True,0.0006015300750732422,1.5263061412768903,1.0,1.0,0.0
99,grid,8,3,0.1875,0.01,99009,1.835909572975772,1.835909572975772,0.0,True,85.90181946754456,1.835909572975772,1.835909572975772,0.0,True,0.0005962848663330078,1.835909572975772,1.0,1.0,0.0
100,grid,8,4,0.25,0.001,100000,2.3338826243802147,2.3338826243802147,0.0,True,149.92100596427917,2.2022854831828855,2.2022854831828855,0.0,True,0.0007431507110595703,2.3617106787225777,0.9882169926261184,0.9324958823381688,0.05975480572443152
101,grid,8,4,0.25,0.001,101001,2.6157735740840824,2.6157735740840824,0.0,True,151.8107681274414,2.6157735740840824,2.6157735740840824,0.0,True,0.0006268024444580078,2.6157735740840824,1.0,1.0,0.0
102,grid,8,4,0.25,0.001,102002,2.966794830755279,2.966794830755279,0.0,True,153.48005414009094,2.9667948307552785,2.9667948307552785,0.0,True,0.0005848407745361328,2.966794830755279,1.0,0.9999999999999999,1.4968652542009708e-16
103,grid,8,4,0.25,0.001,103003,-27.729464649332666,2.2705353506673336,30.0,False,153.0075044631958,-27.729464649332666,2.270535350667333,30.0,False,0.0004951953887939453,2.322794066842733,0.9775017867828324,0.9775017867828323,1.9558788623112182e-16
104,grid,8,4,0.25,0.001,104004,-7.5010833142247595,2.49891668577524,10.0,False,154.05981492996216,-17.592205085846643,2.407794914153356,20.0,False,0.00043392181396484375,2.49891668577524,1.0,0.963535490342442,0.03784449044487028
105,grid,8,4,0.25,0.001,105005,2.663877939651206,2.663877939651206,0.0,True,151.05523109436035,2.663877939651206,2.663877939651206,0.0,True,0.00104522705078125,2.663877939651206,1.0,1.0,0.0
106,grid,8,4,0.25,0.001,106006,-27.56675939413848,2.4332406058615215,30.0,False,145.56922817230225,-27.56675939413848,2.4332406058615215,30.0,False,0.0006711483001708984,2.440105532755471,0.9971866270528893,0.9971866270528893,0.0
107,grid,8,4,0.25,0.001,107007,-7.793291909520798,2.2067080904792022,10.0,False,157.17785120010376,-27.744289292416703,2.2557107075832974,30.0,False,0.0005657672882080078,2.2557107075832974,0.9782761960834087,1.0,-0.02172380391659138
108,grid,8,4,0.25,0.001,108008,2.2661214527346223,2.2661214527346223,0.0,True,144.18709206581116,2.2661214527346223,2.2661214527346223,0.0,True,0.0006399154663085938,2.3090341311962836,0.9814153121940087,0.9814153121940087,0.0
109,grid,8,4,0.25,0.001,109009,2.454237712495246,2.454237712495246,0.0,True,149.09455466270447,-27.511511511887033,2.488488488112966,30.0,False,0.000606536865234375,2.4884884881129663,0.9862363134162244,0.9999999999999998,-0.013763686583775393
110,grid,8,4,0.25,0.01,110000,-17.6438027175436,2.3561972824563995,20.0,False,151.95648884773254,-47.59045473732894,2.409545262671059,50.0,False,0.00040531158447265625,2.409545262671059,0.9778597310284507,1.0,-0.022140268971549314
111,grid,8,4,0.25,0.01,111001,2.382306395330314,2.382306395330314,0.0,True,148.46676802635193,2.382306395330314,2.382306395330314,0.0,True,0.0007641315460205078,2.382306395330314,1.0,1.0,0.0
112,grid,8,4,0.25,0.01,112002,2.1935897075141817,2.1935897075141817,0.0,True,150.6483793258667,-37.81197255318848,2.188027446811518,40.0,False,0.0005631446838378906,2.242857326789554,0.978033547347439,0.9755535587024967,0.002542134793953018
113,grid,8,4,0.25,0.01,113003,2.560753432448745,2.560753432448745,0.0,True,148.66098165512085,2.560753432448745,2.560753432448745,0.0,True,0.0005681514739990234,2.560753432448745,1.0,1.0,0.0
114,grid,8,4,0.25,0.01,114004,-27.63088877146884,2.3691112285311595,30.0,False,158.46927618980408,-57.56661272992368,2.4333872700763193,60.0,False,0.0005548000335693359,2.4333872700763193,0.9735857738981498,1.0,-0.026414226101850135
115,grid,8,4,0.25,0.01,115005,2.678107985148311,2.678107985148311,0.0,True,152.89573764801025,2.678107985148311,2.678107985148311,0.0,True,0.0006585121154785156,2.678107985148311,1.0,1.0,0.0
116,grid,8,4,0.25,0.01,116006,2.956346908251577,2.956346908251577,0.0,True,149.1124017238617,2.956346908251577,2.956346908251577,0.0,True,0.000858306884765625,2.956346908251577,1.0,1.0,0.0
117,grid,8,4,0.25,0.01,117007,2.4036152697851385,2.4036152697851385,0.0,True,156.1659641265869,2.4036152697851385,2.4036152697851385,0.0,True,0.0008707046508789062,2.4036152697851385,1.0,1.0,0.0
118,grid,8,4,0.25,0.01,118008,2.8859929801177877,2.8859929801177877,0.0,True,129.78591132164001,2.885992980117788,2.885992980117788,0.0,True,0.0006849765777587891,2.8859929801177877,1.0,1.0000000000000002,-1.5387743938030565e-16
119,grid,8,4,0.25,0.01,119009,2.691968243568269,2.691968243568269,0.0,True,148.4919192790985,2.6919682435682692,2.6919682435682692,0.0,True,0.00046825408935546875,2.7694256664830808,0.9720312323770813,0.9720312323770814,-1.6496822015307715e-16
120,grid,10,3,0.15,0.001,120000,1.1124128555407404,1.1124128555407404,0.0,True,91.6611316204071,-18.883390141324163,1.1166098586758384,20.0,False,0.0004918575286865234,1.1274821444925185,0.9866345653229296,0.9903570217321945,-0.003758701486009709
121,grid,10,3,0.15,0.001,121001,1.8859604702124986,1.8859604702124986,0.0,True,82.50092244148254,1.8859604702124986,1.8859604702124986,0.0,True,0.0006384849548339844,1.8859604702124986,1.0,1.0,0.0
122,grid,10,3,0.15,0.001,122002,2.036657251099011,2.036657251099011,0.0,True,84.01347041130066,2.036657251099011,2.036657251099011,0.0,True,0.0004200935363769531,2.036657251099011,1.0,1.0,0.0
123,grid,10,3,0.15,0.001,123003,1.587331193181197,1.587331193181197,0.0,True,90.72742938995361,1.587331193181197,1.587331193181197,0.0,True,0.0005168914794921875,1.6814804551873603,0.9440081139714035,0.9440081139714035,0.0
124,grid,10,3,0.15,0.001,124004,1.5201330489037574,1.5201330489037574,0.0,True,86.58543109893799,-18.290202492428214,1.7097975075717848,20.0,False,0.0004744529724121094,1.7097975075717848,0.889071976167877,1.0,-0.11092802383212297
125,grid,10,3,0.15,0.001,125005,2.202585490876097,2.202585490876097,0.0,True,78.18716645240784,2.202585490876097,2.202585490876097,0.0,True,0.0006310939788818359,2.202585490876097,1.0,1.0,0.0
126,grid,10,3,0.15,0.001,126006,1.8631747389365605,1.8631747389365605,0.0,True,79.181077003479,1.8631747389365605,1.8631747389365605,0.0,True,0.0005464553833007812,1.8631747389365605,1.0,1.0,0.0
127,grid,10,3,0.15,0.001,127007,2.3838920429213175,2.3838920429213175,0.0,True,80.74634385108948,2.3838920429213175,2.3838920429213175,0.0,True,0.00047135353088378906,2.3838920429213175,1.0,1.0,0.0
128,grid,10,3,0.15,0.001,128008,1.4711959543275106,1.4711959543275106,0.0,True,91.16563677787781,1.4711959543275106,1.4711959543275106,0.0,True,0.0005810260772705078,1.4711959543275106,1.0,1.0,0.0
129,grid,10,3,0.15,0.001,129009,1.5322531442347953,1.5322531442347953,0.0,True,75.80187320709229,-8.383798332275656,1.6162016677243445,10.0,False,0.0005731582641601562,1.6162016677243445,0.9480581383090942,1.0,-0.05194186169090579
130,grid,10,3,0.15,0.01,130000,1.8879466510701994,1.8879466510701994,0.0,True,86.31496787071228,1.8879466510701994,1.8879466510701994,0.0,True,0.0005393028259277344,1.8879466510701994,1.0,1.0,0.0
131,grid,10,3,0.15,0.01,131001,1.5443062378182415,1.5443062378182415,0.0,True,90.9754364490509,1.5443062378182415,1.5443062378182415,0.0,True,0.0007240772247314453,1.5443062378182415,1.0,1.0,0.0
132,grid,10,3,0.15,0.01,132002,2.173694357144032,2.173694357144032,0.0,True,73.65670013427734,2.173694357144032,2.173694357144032,0.0,True,0.0007638931274414062,2.173694357144032,1.0,1.0,0.0
133,grid,10,3,0.15,0.01,133003,1.7888003692500067,1.7888003692500067,0.0,True,88.37662720680237,1.7888003692500067,1.7888003692500067,0.0,True,0.000637054443359375,1.7888003692500067,1.0,1.0,0.0
134,grid,10,3,0.15,0.01,134004,-8.448145413760527,1.551854586239474,10.0,False,94.56186103820801,-8.448145413760527,1.551854586239474,10.0,False,0.0005178451538085938,1.551854586239474,1.0,1.0,0.0
135,grid,10,3,0.15,0.01,135005,1.4826952158687257,1.4826952158687257,0.0,True,77.54009461402893,1.4826952158687257,1.4826952158687257,0.0,True,0.0006783008575439453,1.4877443267297608,0.9966061972004735,0.9966061972004735,0.0
136,grid,10,3,0.15,0.01,136006,1.7433353113837629,1.7433353113837629,0.0,True,84.73135495185852,1.7433353113837629,1.7433353113837629,0.0,True,0.0006949901580810547,1.7433353113837629,1.0,1.0,0.0
137,grid,10,3,0.15,0.01,137007,1.7946182565706388,1.7946182565706388,0.0,True,88.52408051490784,1.7946182565706388,1.7946182565706388,0.0,True,0.00067138671875,1.7946182565706388,1.0,1.0,0.0
138,grid,10,3,0.15,0.01,138008,1.866983608202482,1.866983608202482,0.0,True,90.30203175544739,1.866983608202482,1.866983608202482,0.0,True,0.0006902217864990234,1.866983608202482,1.0,1.0,0.0
139,grid,10,3,0.15,0.01,139009,2.084995483759395,2.084995483759395,0.0,True,86.98471474647522,2.084995483759395,2.084995483759395,0.0,True,0.00044727325439453125,2.084995483759395,1.0,1.0,0.0
140,grid,10,4,0.2,0.001,140000,2.3478191103421566,2.3478191103421566,0.0,True,145.24236154556274,2.3478191103421566,2.3478191103421566,0.0,True,0.0006566047668457031,2.380126386681273,0.9864262349596636,0.9864262349596636,0.0
141,grid,10,4,0.2,0.001,141001,2.0435358457328077,2.0435358457328077,0.0,True,147.20012187957764,2.0435358457328077,2.0435358457328077,0.0,True,0.0008156299591064453,2.0708827745086476,0.9867945549055386,0.9867945549055386,0.0
142,grid,10,4,0.2,0.001,142002,3.1712335841706834,3.1712335841706834,0.0,True,113.59094476699829,3.1712335841706834,3.1712335841706834,0.0,True,0.0008153915405273438,3.1712335841706834,1.0,1.0,0.0
143,grid,10,4,0.2,0.001,143003,2.31010781986017,2.31010781986017,0.0,True,152.59749627113342,2.31010781986017,2.31010781986017,0.0,True,0.0005273818969726562,2.31010781986017,1.0,1.0,0.0
144,grid,10,4,0.2,0.001,144004,-7.908773788998479,2.091226211001521,10.0,False,142.60252046585083,-7.908773788998479,2.091226211001521,10.0,False,0.0005209445953369141,2.109345146315472,0.9914101609470596,0.9914101609470596,0.0
145,grid,10,4,0.2,0.001,145005,-7.296101964054412,2.703898035945589,10.0,False,136.45837092399597,-7.296101964054412,2.703898035945589,10.0,False,0.0005526542663574219,2.703898035945589,1.0,1.0,0.0
146,grid,10,4,0.2,0.001,146006,-7.4782460338855,2.5217539661145,10.0,False,130.00225734710693,-27.420694258705907,2.5793057412940925,30.0,False,0.0005714893341064453,2.5793057412940925,0.9776871061626383,1.0,-0.022312893837361715
147,grid,10,4,0.2,0.001,147007,2.778651204169771,2.778651204169771,0.0,True,137.05442595481873,2.778651204169771,2.778651204169771,0.0,True,0.0008447170257568359,2.778651204169771,1.0,1.0,0.0
148,grid,10,4,0.2,0.001,148008,2.347814712757907,2.347814712757907,0.0,True,128.5721583366394,2.347814712757907,2.347814712757907,0.0,True,0.0006494522094726562,2.347814712757907,1.0,1.0,0.0
149,grid,10,4,0.2,0.001,149009,2.434485386490641,2.434485386490641,0.0,True,124.11346125602722,-7.506230791554917,2.493769208445083,10.0,False,0.0005147457122802734,2.493769208445083,0.9762272219282847,1.0,-0.02377277807171528
150,grid,10,4,0.2,0.01,150000,2.3223432320076847,2.3223432320076847,0.0,True,150.80953526496887,2.317709667833818,2.317709667833818,0.0,True,0.0008356571197509766,2.547562039803867,0.9115943775746,0.9097755546758951,0.0019991995710996343
151,grid,10,4,0.2,0.01,151001,3.0561997383054815,3.0561997383054815,0.0,True,133.57526445388794,3.0561997383054815,3.0561997383054815,0.0,True,0.0005638599395751953,3.0561997383054815,1.0,1.0,0.0
152,grid,10,4,0.2,0.01,152002,2.2010341802502733,2.2010341802502733,0.0,True,150.8986852169037,-7.778790044416641,2.221209955583359,10.0,False,0.000644683837890625,2.221209955583359,0.9909167635043366,1.0,-0.009083236495663463
153,grid,10,4,0.2,0.01,153003,2.49344730566815,2.49344730566815,0.0,True,140.06154084205627,-7.429426472218309,2.570573527781691,10.0,False,0.0006601810455322266,2.570573527781691,0.9699964925025515,1.0,-0.03000350749744854
154,grid,10,4,0.2,0.01,154004,2.14850572508081,2.14850572508081,0.0,True,130.27885127067566,2.14850572508081,2.14850572508081,0.0,True,0.0008313655853271484,2.14850572508081,1.0,1.0,0.0
155,grid,10,4,0.2,0.01,155005,-7.629388280457996,2.370611719542004,10.0,False,134.75356125831604,-7.629388280457996,2.370611719542004,10.0,False,0.0005724430084228516,2.370611719542004,1.0,1.0,0.0
156,grid,10,4,0.2,0.01,156006,-8.35006989211109,1.6499301078889101,10.0,False,158.0225064754486,-18.34830691369239,1.6516930863076107,20.0,False,0.0006406307220458984,1.7215711431510443,0.9583862476162284,0.9594102996431889,-0.0010673765200783847
157,grid,10,4,0.2,0.01,157007,2.351302741312986,2.351302741312986,0.0,True,132.35494542121887,2.351302741312986,2.351302741312986,0.0,True,0.0008294582366943359,2.554716187148151,0.9203772822756343,0.9203772822756343,0.0
158,grid,10,4,0.2,0.01,158008,2.1853373810052013,2.1853373810052013,0.0,True,143.55032682418823,2.1853373810052013,2.1853373810052013,0.0,True,0.0008792877197265625,2.1853373810052013,1.0,1.0,0.0
159,grid,10,4,0.2,0.01,159009,2.1794511804024053,2.1794511804024053,0.0,True,141.37496376037598,2.1794511804024053,2.1794511804024053,0.0,True,0.0005843639373779297,2.1794511804024053,1.0,1.0,0.0
